-- Insertar 20 productos
INSERT INTO product (id, name, description, price) VALUES
  ('00000000-0000-0000-0000-000000000001', 'Product 1', 'Description for Product 1', 10.00),
  ('00000000-0000-0000-0000-000000000002', 'Product 2', 'Description for Product 2', 15.00),
  ('00000000-0000-0000-0000-000000000003', 'Product 3', 'Description for Product 3', 20.00),
  ('00000000-0000-0000-0000-000000000004', 'Product 4', 'Description for Product 4', 22.50),
  ('00000000-0000-0000-0000-000000000005', 'Product 5', 'Description for Product 5', 18.75),
  ('00000000-0000-0000-0000-000000000006', 'Product 6', 'Description for Product 6', 30.00),
  ('00000000-0000-0000-0000-000000000007', 'Product 7', 'Description for Product 7', 12.00),
  ('00000000-0000-0000-0000-000000000008', 'Product 8', 'Description for Product 8', 25.00),
  ('00000000-0000-0000-0000-000000000009', 'Product 9', 'Description for Product 9', 9.50),
  ('00000000-0000-0000-0000-000000000010', 'Product 10', 'Description for Product 10', 8.00),
  ('00000000-0000-0000-0000-000000000011', 'Product 11', 'Description for Product 11', 14.20),
  ('00000000-0000-0000-0000-000000000012', 'Product 12', 'Description for Product 12', 17.35),
  ('00000000-0000-0000-0000-000000000013', 'Product 13', 'Description for Product 13', 11.50),
  ('00000000-0000-0000-0000-000000000014', 'Product 14', 'Description for Product 14', 16.00),
  ('00000000-0000-0000-0000-000000000015', 'Product 15', 'Description for Product 15', 21.00),
  ('00000000-0000-0000-0000-000000000016', 'Product 16', 'Description for Product 16', 19.99),
  ('00000000-0000-0000-0000-000000000017', 'Product 17', 'Description for Product 17', 10.00),
  ('00000000-0000-0000-0000-000000000018', 'Product 18', 'Description for Product 18', 12.99),
  ('00000000-0000-0000-0000-000000000019', 'Product 19', 'Description for Product 19', 22.50),
  ('00000000-0000-0000-0000-000000000020', 'Product 20', 'Description for Product 20', 15.25);

-- Insertar 50 pedidos con estado CREATE y fecha actual
INSERT INTO orders (id, status, created_at) VALUES
  ('10000000-0000-0000-0000-000000000001', 'CREATED', NOW()),
  ('10000000-0000-0000-0000-000000000002', 'CREATED', NOW()),
  ('10000000-0000-0000-0000-000000000003', 'CREATED', NOW()),
  ('10000000-0000-0000-0000-000000000004', 'CREATED', NOW()),
  ('10000000-0000-0000-0000-000000000005', 'CREATED', NOW()),
  ('10000000-0000-0000-0000-000000000006', 'CREATED', NOW()),
  ('10000000-0000-0000-0000-000000000007', 'CREATED', NOW()),
  ('10000000-0000-0000-0000-000000000008', 'CREATED', NOW()),
  ('10000000-0000-0000-0000-000000000009', 'CREATED', NOW()),
  ('10000000-0000-0000-0000-000000000010', 'CREATED', NOW()),
  ('10000000-0000-0000-0000-000000000011', 'CREATED', NOW()),
  ('10000000-0000-0000-0000-000000000012', 'CREATED', NOW()),
  ('10000000-0000-0000-0000-000000000013', 'CREATED', NOW()),
  ('10000000-0000-0000-0000-000000000014', 'CREATED', NOW()),
  ('10000000-0000-0000-0000-000000000015', 'CREATED', NOW()),
  ('10000000-0000-0000-0000-000000000016', 'CREATED', NOW()),
  ('10000000-0000-0000-0000-000000000017', 'CREATED', NOW()),
  ('10000000-0000-0000-0000-000000000018', 'CREATED', NOW()),
  ('10000000-0000-0000-0000-000000000019', 'CREATED', NOW()),
  ('10000000-0000-0000-0000-000000000020', 'CREATED', NOW()),
  ('10000000-0000-0000-0000-000000000021', 'CREATED', NOW()),
  ('10000000-0000-0000-0000-000000000022', 'CREATED', NOW()),
  ('10000000-0000-0000-0000-000000000023', 'CREATED', NOW()),
  ('10000000-0000-0000-0000-000000000024', 'CREATED', NOW()),
  ('10000000-0000-0000-0000-000000000025', 'CREATED', NOW()),
  ('10000000-0000-0000-0000-000000000026', 'CREATED', NOW()),
  ('10000000-0000-0000-0000-000000000027', 'CREATED', NOW()),
  ('10000000-0000-0000-0000-000000000028', 'CREATED', NOW()),
  ('10000000-0000-0000-0000-000000000029', 'CREATED', NOW()),
  ('10000000-0000-0000-0000-000000000030', 'CREATED', NOW()),
  ('10000000-0000-0000-0000-000000000031', 'CREATED', NOW()),
  ('10000000-0000-0000-0000-000000000032', 'CREATED', NOW()),
  ('10000000-0000-0000-0000-000000000033', 'CREATED', NOW()),
  ('10000000-0000-0000-0000-000000000034', 'CREATED', NOW()),
  ('10000000-0000-0000-0000-000000000035', 'CREATED', NOW()),
  ('10000000-0000-0000-0000-000000000036', 'CREATED', NOW()),
  ('10000000-0000-0000-0000-000000000037', 'CREATED', NOW()),
  ('10000000-0000-0000-0000-000000000038', 'CREATED', NOW()),
  ('10000000-0000-0000-0000-000000000039', 'CREATED', NOW()),
  ('10000000-0000-0000-0000-000000000040', 'CREATED', NOW()),
  ('10000000-0000-0000-0000-000000000041', 'CREATED', NOW()),
  ('10000000-0000-0000-0000-000000000042', 'CREATED', NOW()),
  ('10000000-0000-0000-0000-000000000043', 'CREATED', NOW()),
  ('10000000-0000-0000-0000-000000000044', 'CREATED', NOW()),
  ('10000000-0000-0000-0000-000000000045', 'CREATED', NOW()),
  ('10000000-0000-0000-0000-000000000046', 'CREATED', NOW()),
  ('10000000-0000-0000-0000-000000000047', 'CREATED', NOW()),
  ('10000000-0000-0000-0000-000000000048', 'CREATED', NOW()),
  ('10000000-0000-0000-0000-000000000049', 'CREATED', NOW()),
  ('10000000-0000-0000-0000-000000000050', 'CREATED', NOW());


  -- Insertar 100 líneas de pedido (order_item)
-- Para simplificar, asignamos productos y cantidades alternando

INSERT INTO order_item (id, order_id, product_id, quantity) VALUES
  ('20000000-0000-0000-0000-000000000001', '10000000-0000-0000-0000-000000000001', '00000000-0000-0000-0000-000000000001', 1),
  ('20000000-0000-0000-0000-000000000002', '10000000-0000-0000-0000-000000000001', '00000000-0000-0000-0000-000000000002', 2),
  ('20000000-0000-0000-0000-000000000011', '10000000-0000-0000-0000-000000000001', '00000000-0000-0000-0000-000000000004', 2),
  ('20000000-0000-0000-0000-000000000003', '10000000-0000-0000-0000-000000000002', '00000000-0000-0000-0000-000000000003', 1),
  ('20000000-0000-0000-0000-000000000004', '10000000-0000-0000-0000-000000000002', '00000000-0000-0000-0000-000000000004', 4),
  ('20000000-0000-0000-0000-000000000005', '10000000-0000-0000-0000-000000000003', '00000000-0000-0000-0000-000000000005', 2),
  ('20000000-0000-0000-0000-000000000006', '10000000-0000-0000-0000-000000000003', '00000000-0000-0000-0000-000000000006', 1),
  ('20000000-0000-0000-0000-000000000007', '10000000-0000-0000-0000-000000000004', '00000000-0000-0000-0000-000000000007', 3),
  ('20000000-0000-0000-0000-000000000008', '10000000-0000-0000-0000-000000000004', '00000000-0000-0000-0000-000000000008', 2),
  ('20000000-0000-0000-0000-000000000015', '10000000-0000-0000-0000-000000000004', '00000000-0000-0000-0000-000000000010', 2),
  ('20000000-0000-0000-0000-000000000009', '10000000-0000-0000-0000-000000000005', '00000000-0000-0000-0000-000000000009', 1),
  ('20000000-0000-0000-0000-000000000010', '10000000-0000-0000-0000-000000000005', '00000000-0000-0000-0000-000000000010', 4),
  ('20000000-0000-0000-0000-000000000012', '10000000-0000-0000-0000-000000000006', '00000000-0000-0000-0000-000000000015', 15),
  ('20000000-0000-0000-0000-000000000013', '10000000-0000-0000-0000-000000000007', '00000000-0000-0000-0000-000000000017', 1),
  ('20000000-0000-0000-0000-000000000014', '10000000-0000-0000-0000-000000000007', '00000000-0000-0000-0000-000000000016', 3),
  ('20000000-0000-0000-0000-000000000099', '10000000-0000-0000-0000-000000000050', '00000000-0000-0000-0000-000000000019', 3),
  ('20000000-0000-0000-0000-000000000100', '10000000-0000-0000-0000-000000000050', '00000000-0000-0000-0000-000000000020', 1);